{"stats":{"minecraft:mined":{"minecraft:chain":2,"minecraft:sculk_shrieker":2,"minecraft:dead_bush":12,"minecraft:sand":5,"minecraft:light_gray_bed":2,"bunker_down:steel_block_slab":1},"minecraft:killed_by":{"minecraft:player":1},"minecraft:dropped":{"minecraft:sand":5,"bunker_down:brittle_pickaxe":1,"minecraft:redstone":1,"minecraft:chain":1},"minecraft:custom":{"minecraft:open_barrel":1,"minecraft:time_since_rest":1771,"minecraft:open_chest":26,"minecraft:deaths":1,"minecraft:crouch_one_cm":2678,"minecraft:play_time":23793,"minecraft:sprint_one_cm":52991,"minecraft:damage_taken":230,"minecraft:walk_one_cm":25001,"minecraft:sneak_time":1408,"minecraft:walk_under_water_one_cm":34095,"minecraft:drop":4,"minecraft:jump":277,"minecraft:damage_dealt":125,"minecraft:time_since_death":1851,"minecraft:walk_on_water_one_cm":10215,"minecraft:sleep_in_bed":2,"minecraft:total_world_time":23793,"minecraft:climb_one_cm":5969,"minecraft:swim_one_cm":28784,"minecraft:fall_one_cm":6754,"minecraft:fly_one_cm":31942,"minecraft:player_kills":2},"minecraft:used":{"minecraft:lever":2,"minecraft:fire_charge":1,"bunker_down:brittle_pickaxe":3,"minecraft:bread":2,"tombstone:gift":2,"minecraft:obsidian":4,"minecraft:light_gray_bed":2},"minecraft:picked_up":{"minecraft:stick":8,"bunker_down:brittle_pickaxe":1,"minecraft:light_gray_bed":2,"minecraft:lever":2,"minecraft:sand":5,"minecraft:chain":1,"minecraft:redstone":1}},"DataVersion":3120}