{"stats":{"minecraft:mined":{"minecraft:chain":2,"minecraft:fire":2,"bunker_down:steel_block_slab":1,"minecraft:sculk_shrieker":2,"minecraft:dead_bush":13,"minecraft:light_gray_bed":2,"minecraft:sand":5},"minecraft:killed_by":{"minecraft:player":1},"minecraft:crafted":{"minecraft:iron_axe":1},"minecraft:killed":{"ava:eu_soldier":1},"minecraft:dropped":{"ava:sr_25":2,"demogorgon:blighted_flesh":2,"ava:fn_fnc_dreamcatcher":1,"tombstone:grave_dust":1,"minecraft:chain":1,"minecraft:sand":5,"hunting_delight:animal_fat":1,"bunker_down:brittle_pickaxe":1,"ava:regular_rifle_magazine":2,"ava:shotgun_ammo":22,"minecraft:bone":1,"minecraft:redstone":1},"minecraft:custom":{"minecraft:time_since_rest":13458,"minecraft:walk_one_cm":56645,"minecraft:sprint_one_cm":92970,"minecraft:damage_taken":697,"minecraft:mob_kills":1,"minecraft:drop":14,"minecraft:damage_dealt":603,"minecraft:swim_one_cm":33297,"minecraft:interact_with_crafting_table":1,"minecraft:fly_one_cm":75785,"minecraft:player_kills":4,"minecraft:open_barrel":1,"minecraft:open_chest":29,"minecraft:crouch_one_cm":4389,"minecraft:play_time":39246,"minecraft:deaths":1,"minecraft:sneak_time":2222,"minecraft:walk_under_water_one_cm":34146,"minecraft:pot_flower":1,"minecraft:jump":584,"minecraft:leave_game":1,"minecraft:walk_on_water_one_cm":13743,"minecraft:time_since_death":17304,"minecraft:sleep_in_bed":3,"minecraft:climb_one_cm":6563,"minecraft:total_world_time":39246,"minecraft:fall_one_cm":15909},"minecraft:used":{"minecraft:lever":2,"minecraft:bread":2,"minecraft:iron_pickaxe":1,"minecraft:cookie":3,"minecraft:fire_charge":2,"bunker_down:brittle_pickaxe":3,"tombstone:gift":2,"minecraft:light_gray_bed":2,"minecraft:obsidian":5},"minecraft:picked_up":{"minecraft:stick":9,"bunker_down:brittle_pickaxe":1,"minecraft:sand":5,"minecraft:chain":1,"minecraft:redstone":1,"hunting_delight:animal_fat":1,"ava:fn_fnc_dreamcatcher":1,"minecraft:bone":1,"demogorgon:blighted_flesh":2,"minecraft:light_gray_bed":2,"minecraft:lever":2,"hunting_delight:broken_bone":27,"ava:sniper_ammo":2,"ava:regular_rifle_magazine":3,"ava:sr_25":2}},"DataVersion":3120}