{"stats":{"minecraft:mined":{"minecraft:sculk_shrieker":2,"minecraft:dead_bush":4,"minecraft:light_gray_bed":2},"minecraft:dropped":{"minecraft:redstone":1},"minecraft:custom":{"minecraft:open_barrel":1,"minecraft:time_since_rest":4708,"minecraft:open_chest":3,"minecraft:crouch_one_cm":399,"minecraft:play_time":11793,"minecraft:sprint_one_cm":27339,"minecraft:damage_taken":130,"minecraft:walk_one_cm":10314,"minecraft:sneak_time":866,"minecraft:walk_under_water_one_cm":34015,"minecraft:drop":1,"minecraft:jump":119,"minecraft:damage_dealt":0,"minecraft:time_since_death":11793,"minecraft:walk_on_water_one_cm":8840,"minecraft:sleep_in_bed":2,"minecraft:total_world_time":11793,"minecraft:climb_one_cm":5969,"minecraft:swim_one_cm":26427,"minecraft:fall_one_cm":2485,"minecraft:fly_one_cm":15537,"minecraft:player_kills":1},"minecraft:used":{"minecraft:lever":2,"minecraft:light_gray_bed":2},"minecraft:picked_up":{"minecraft:stick":2,"minecraft:light_gray_bed":2,"minecraft:lever":2,"minecraft:redstone":1}},"DataVersion":3120}