{"stats":{"minecraft:mined":{"minecraft:cobblestone":2,"minecraft:light_gray_bed":1,"minecraft:crafting_table":1},"minecraft:custom":{"minecraft:jump":4,"minecraft:open_chest":1,"minecraft:time_since_rest":4955,"minecraft:play_time":4955,"minecraft:time_since_death":4955,"minecraft:walk_one_cm":3755,"minecraft:total_world_time":4955},"minecraft:used":{"bunker_down:brittle_pickaxe":2},"minecraft:picked_up":{"minecraft:crafting_table":1,"minecraft:light_gray_bed":1,"minecraft:cobblestone":2}},"DataVersion":3120}