{"stats":{"minecraft:mined":{"minecraft:cactus":1,"minecraft:dead_bush":13,"minecraft:sculk_catalyst":1,"minecraft:furnace":1,"minecraft:light_gray_bed":2,"minecraft:cobblestone":2,"minecraft:sugar_cane":10,"minecraft:anvil":1,"minecraft:crafting_table":1},"minecraft:killed_by":{"minecraft:player":1},"minecraft:custom":{"minecraft:open_barrel":1,"minecraft:time_since_rest":4708,"minecraft:open_chest":1,"minecraft:play_time":16955,"minecraft:sprint_one_cm":21843,"minecraft:walk_one_cm":17375,"minecraft:damage_taken":410,"minecraft:deaths":1,"minecraft:sneak_time":300,"minecraft:walk_under_water_one_cm":18081,"minecraft:jump":191,"minecraft:time_since_death":10797,"minecraft:walk_on_water_one_cm":5202,"minecraft:sleep_in_bed":1,"minecraft:total_world_time":16955,"minecraft:climb_one_cm":3924,"minecraft:swim_one_cm":21027,"minecraft:fall_one_cm":5941,"minecraft:fly_one_cm":31048},"minecraft:used":{"bunker_down:brittle_pickaxe":18,"tombstone:gift":2},"minecraft:picked_up":{"minecraft:stick":11,"minecraft:charcoal":5,"minecraft:anvil":1,"minecraft:crafting_table":1,"minecraft:cactus":1,"minecraft:light_gray_bed":2,"minecraft:lever":1,"minecraft:sugar_cane":27,"minecraft:cobblestone":2,"minecraft:furnace":1}},"DataVersion":3120}