{"stats":{"minecraft:mined":{"minecraft:hay_block":34,"minecraft:cactus":1,"minecraft:sculk_catalyst":1,"minecraft:furnace":1,"minecraft:anvil":1,"minecraft:crafting_table":2,"minecraft:dead_bush":14,"minecraft:light_gray_bed":2,"minecraft:cobblestone":4,"minecraft:sugar_cane":10},"minecraft:killed_by":{"minecraft:player":2},"minecraft:killed":{"demogorgon:demogorgon":1},"minecraft:dropped":{"bunker_down:brittle_pickaxe":1},"minecraft:custom":{"minecraft:time_since_rest":1884,"minecraft:sprint_one_cm":44025,"minecraft:damage_taken":595,"minecraft:walk_one_cm":41142,"minecraft:mob_kills":1,"minecraft:drop":1,"minecraft:damage_dealt":646,"minecraft:swim_one_cm":21027,"minecraft:talked_to_villager":2,"minecraft:fly_one_cm":44672,"minecraft:player_kills":1,"minecraft:open_barrel":1,"minecraft:open_chest":4,"minecraft:crouch_one_cm":287,"minecraft:play_time":28955,"tombstone:undead_killed":1,"minecraft:deaths":2,"minecraft:sneak_time":454,"minecraft:walk_under_water_one_cm":18081,"minecraft:jump":320,"minecraft:walk_on_water_one_cm":5202,"minecraft:time_since_death":1967,"minecraft:sleep_in_bed":2,"minecraft:climb_one_cm":4190,"minecraft:total_world_time":28955,"minecraft:fall_one_cm":9099},"minecraft:used":{"minecraft:bread":3,"minecraft:iron_sword":11,"minecraft:cobblestone":2,"minecraft:crafting_table":1,"bunker_down:brittle_pickaxe":31,"tombstone:gift":2},"minecraft:picked_up":{"minecraft:charcoal":5,"minecraft:stick":13,"minecraft:crafting_table":2,"minecraft:anvil":1,"minecraft:chain":1,"bunker_down:steel_block_slab":1,"minecraft:cactus":1,"minecraft:light_gray_bed":2,"minecraft:lever":1,"minecraft:hay_block":34,"minecraft:sugar_cane":27,"minecraft:cobblestone":4,"minecraft:furnace":1}},"DataVersion":3120}