{"stats":{"minecraft:mined":{"minecraft:hay_block":34,"minecraft:cactus":1,"minecraft:sculk_catalyst":1,"minecraft:furnace":1,"minecraft:anvil":1,"minecraft:crafting_table":2,"minecraft:coal_ore":3,"minecraft:oak_log":5,"minecraft:dead_bush":14,"minecraft:light_gray_bed":2,"minecraft:cobblestone":4,"minecraft:stone":5,"minecraft:sugar_cane":10},"minecraft:killed_by":{"minecraft:player":4,"minecraft:skeleton":1},"minecraft:crafted":{"minecraft:oak_planks":20,"minecraft:crafting_table":1,"minecraft:wooden_pickaxe":1},"minecraft:killed":{"demogorgon:demogorgon":2,"minecraft:skeleton":1,"ava:eu_soldier":4},"minecraft:dropped":{"ava:sr_25":1,"ava:fn_fnc_dreamcatcher":1,"ava:sniper_ammo":2,"bunker_down:brittle_pickaxe":1,"ava:regular_rifle_magazine":3},"minecraft:custom":{"minecraft:time_since_rest":2358,"minecraft:sprint_one_cm":79836,"minecraft:damage_taken":1788,"minecraft:walk_one_cm":77724,"minecraft:mob_kills":7,"minecraft:drop":7,"minecraft:damage_dealt":2037,"minecraft:interact_with_crafting_table":1,"minecraft:player_kills":1,"minecraft:swim_one_cm":21027,"minecraft:talked_to_villager":2,"minecraft:fly_one_cm":81396,"minecraft:open_barrel":1,"minecraft:open_chest":7,"minecraft:play_time":44196,"minecraft:crouch_one_cm":787,"minecraft:sneak_time":557,"tombstone:undead_killed":3,"minecraft:deaths":5,"minecraft:walk_under_water_one_cm":18081,"minecraft:jump":532,"minecraft:leave_game":2,"minecraft:time_since_death":3011,"minecraft:total_world_time":44196,"minecraft:walk_on_water_one_cm":5202,"minecraft:sleep_in_bed":3,"minecraft:climb_one_cm":4370,"minecraft:fall_one_cm":13289},"minecraft:used":{"minecraft:bread":3,"minecraft:wooden_pickaxe":8,"minecraft:iron_sword":26,"minecraft:cobblestone":2,"minecraft:crafting_table":2,"bunker_down:brittle_pickaxe":31,"tombstone:gift":2,"minecraft:light_gray_bed":1},"minecraft:picked_up":{"minecraft:stick":13,"minecraft:charcoal":5,"minecraft:crafting_table":2,"ava:binocular":1,"minecraft:anvil":1,"minecraft:oak_log":5,"minecraft:chain":1,"tombstone:grave_dust":1,"ava:shotgun_ammo":22,"bunker_down:steel_block_slab":1,"hunting_delight:animal_fat":1,"ava:fn_fnc_dreamcatcher":1,"ava:eu_standard_trousers":1,"demogorgon:blighted_flesh":2,"minecraft:bone":2,"minecraft:cactus":1,"minecraft:light_gray_bed":2,"ava:eu_standard_kevlar":1,"minecraft:lever":1,"minecraft:rabbit_hide":1,"minecraft:hay_block":34,"hunting_delight:broken_bone":22,"ava:regular_rifle_magazine":2,"ava:sr_25":1,"minecraft:rabbit":1,"minecraft:sugar_cane":27,"minecraft:coal":3,"minecraft:cobblestone":9,"minecraft:furnace":1}},"DataVersion":3120}